{"cameraMode":{"drawMode":0,"name":"Shaded","section":"Shading Mode"},"sceneLighting":false,"audioPlay":false,"sceneViewState":{"m_AlwaysRefresh":false,"showFog":true,"showSkybox":false,"showFlares":true,"showImageEffects":true,"showParticleSystems":true,"showVisualEffectGraphs":true,"m_FxEnabled":true},"in2DMode":false,"pivot":{"x":10.579999923706055,"y":0.29238390922546389,"z":-0.16670846939086915},"rotation":{"x":0.06411327421665192,"y":0.032025501132011417,"z":0.002056570490822196,"w":-0.9974305629730225},"size":2.7364697456359865,"orthographic":false}